Compound,File,Concentration,Standard,Standard Conc
benzene,cal1.CDF,20,,
benzene,cal2.CDF,200,,
benzene,cal3.CDF,1000,,
cyclohexane,cal4.CDF,20,,
cyclohexane,cal5.CDF,200,,
cyclohexane,cal6.CDF,1000,,
cyclohexanol,cal1.CDF,20,,
cyclohexanol,cal2.CDF,200,,
cyclohexanol,cal3.CDF,1000,,
cyclohexanone,cal1.CDF,20,,
cyclohexanone,cal2.CDF,200,,
cyclohexanone,cal3.CDF,1000,,
cyclohexene,cal4.CDF,20,,
cyclohexene,cal5.CDF,200,,
cyclohexene,cal6.CDF,1000,,
phenol,cal4.CDF,20,,
phenol,cal5.CDF,200,,
phenol,cal6.CDF,1000,,
